{"cameraMode":{"drawMode":0,"name":"Shaded","section":"Shading Mode"},"sceneLighting":true,"audioPlay":true,"sceneViewState":{"m_AlwaysRefresh":false,"showFog":true,"showSkybox":true,"showFlares":true,"showImageEffects":true,"showParticleSystems":true,"showVisualEffectGraphs":true,"m_FxEnabled":false},"in2DMode":false,"pivot":{"x":-5.271649360656738,"y":-5.288516998291016,"z":0.16743087768554688},"rotation":{"x":-0.30011647939682009,"y":-0.0005657275905832648,"z":0.00016355652769561857,"w":-0.953924298286438},"size":23.029518127441408,"orthographic":false}